Temperature [°C],Thermal Expansion Coefficient [1/K]
-256.9169960474308,10.72992700729927
-212.64822134387353,12.116788321167883
-168.37944664031622,13.576642335766422
-73.51778656126483,14.89051094890511
255.33596837944663,16.78832116788321
464.03162055335963,17.883211678832115
698.0237154150198,18.905109489051092
944.6640316205533,19.854014598540147
1235.5731225296443,20.729927007299267
1425.296442687747,21.16788321167883