Temperature [°C],Thermal Expansion Coefficient [1/K]
-262.04379562043795,10.752475247524753
-200.36496350364962,12.89108910891089
-129.1970802919708,14.376237623762377
-58.029197080291965,15.089108910891088
98.54014598540147,16.15841584158416
207.66423357664235,16.752475247524753
421.1678832116788,17.584158415841586
629.9270072992701,18.178217821782177
795.9854014598541,18.653465346534652
995.2554744525548,19.18811881188119